Country Name,Country Code,Series Name,Series Code,2008 [YR2008],2009 [YR2009],2010 [YR2010],2011 [YR2011],2012 [YR2012],2013 [YR2013],2014 [YR2014],2015 [YR2015],2016 [YR2016],2017 [YR2017]
Afghanistan,AFG,Economic Fitness Metric,EF.EFM.PROD.XD,0.0011616,0.003788,0.0077535,0.0055465,0.0083123,0.010312,0.0090237,0.01201,0.013276,0.010928
Afghanistan,AFG,Universal Economic Fitness Metric,EF.EFM.UNIV.XD,0.0098504,0.030854,0.024302,0.021053,0.018553,0.01295,0.018074,0.019065,0.011787,..
Albania,ALB,Economic Fitness Metric,EF.EFM.PROD.XD,0.14885,0.15518,0.16437,0.17599,0.18809,0.22148,0.1929,0.19614,0.21931,0.20099
Albania,ALB,Universal Economic Fitness Metric,EF.EFM.UNIV.XD,0.019186,0.049493,0.023447,0.025027,0.022684,0.022415,0.02385,0.022845,0.02713,..
Algeria,DZA,Economic Fitness Metric,EF.EFM.PROD.XD,5.2778E-298,1.8646E-181,4.3463E-14,1.5673E-29,3.6238E-05,3.0565E-08,7.7933E-07,3.61E-07,0.0001743,1.4751E-18
Algeria,DZA,Universal Economic Fitness Metric,EF.EFM.UNIV.XD,0.030727,0.03088,0.037254,0.02708,0.026825,0.023941,0.025824,0.026494,0.026352,..
Andorra,AND,Economic Fitness Metric,EF.EFM.PROD.XD,0.50958,0.44654,0.40958,0.34628,0.27126,0.16665,0.16,0.10085,0.074232,0.060865
Andorra,AND,Universal Economic Fitness Metric,EF.EFM.UNIV.XD,..,..,..,..,..,..,..,..,..,..
Angola,AGO,Economic Fitness Metric,EF.EFM.PROD.XD,0,0,7.6555E-95,0,0,7.3451E-211,2.9611E-251,1.1152E-185,0,2.8349E-104
Angola,AGO,Universal Economic Fitness Metric,EF.EFM.UNIV.XD,0.0051973,0.011108,0.0080544,0.0066535,0.0082228,0.011387,0.0088087,0.0099671,0.0061311,..
Argentina,ARG,Economic Fitness Metric,EF.EFM.PROD.XD,1.0753,1.0193,0.91387,0.83789,0.76397,0.72282,0.69702,0.63759,0.57101,0.51384
Argentina,ARG,Universal Economic Fitness Metric,EF.EFM.UNIV.XD,0.88458,0.82456,0.8659,0.89126,0.78945,0.7075,0.62958,0.59725,0.56999,..
Armenia,ARM,Economic Fitness Metric,EF.EFM.PROD.XD,0.34293,0.3235,0.25806,0.26702,0.22721,0.18895,0.17984,0.19535,0.20941,0.19791
Armenia,ARM,Universal Economic Fitness Metric,EF.EFM.UNIV.XD,0.0097651,0.0091407,0.0096086,0.012064,0.014238,0.013192,0.012872,0.013157,0.014121,..
Australia,AUS,Economic Fitness Metric,EF.EFM.PROD.XD,0.7154,0.63666,0.61088,0.59382,0.56213,0.49552,0.50228,0.47752,0.42865,0.35158
Australia,AUS,Universal Economic Fitness Metric,EF.EFM.UNIV.XD,1.3268,1.3836,1.385,1.4227,1.3989,1.3198,1.2626,1.2497,1.2156,..
Austria,AUT,Economic Fitness Metric,EF.EFM.PROD.XD,4.0762,3.9932,3.9182,4.0245,4.0358,4.0237,3.9212,3.7499,3.7408,3.5761
Austria,AUT,Universal Economic Fitness Metric,EF.EFM.UNIV.XD,1.9026,1.8075,1.6446,1.6067,1.5554,1.637,1.6585,1.4779,1.5967,..
Azerbaijan,AZE,Economic Fitness Metric,EF.EFM.PROD.XD,0.0058009,0.0097096,0.009943,0.0087572,0.0084836,0.007816,0.0046495,0.006359,0.011148,0.011686
Azerbaijan,AZE,Universal Economic Fitness Metric,EF.EFM.UNIV.XD,0.019921,0.024869,0.025108,0.023459,0.03543,0.024064,0.022101,0.029087,0.018917,..
Bahrain,BHR,Economic Fitness Metric,EF.EFM.PROD.XD,0.066054,0.08631,0.077703,0.060112,0.083948,0.095857,0.11264,0.14658,0.14675,0.050185
Bahrain,BHR,Universal Economic Fitness Metric,EF.EFM.UNIV.XD,0.048017,0.060431,0.057558,0.051442,0.13148,0.14376,0.13732,0.12768,0.12611,..
Bangladesh,BGD,Economic Fitness Metric,EF.EFM.PROD.XD,0.18123,0.23807,0.23868,0.21905,0.15399,0.15826,0.16744,0.17251,0.17243,0.15745
Bangladesh,BGD,Universal Economic Fitness Metric,EF.EFM.UNIV.XD,0.18252,0.23531,0.31167,0.30672,0.29978,0.28923,0.33373,0.35737,0.39268,..
Belarus,BLR,Economic Fitness Metric,EF.EFM.PROD.XD,0.81648,0.92943,0.97319,0.90484,1.0323,1.1708,1.1955,1.0933,1.2493,1.5335
Belarus,BLR,Universal Economic Fitness Metric,EF.EFM.UNIV.XD,0.2344,0.21161,0.22578,0.27114,0.3351,0.28101,0.27063,0.24288,0.25009,..
Belgium,BEL,Economic Fitness Metric,EF.EFM.PROD.XD,5.6368,5.6298,5.4174,5.2744,4.9615,5.0753,5.0098,5.0549,5.1364,5.1991
Belgium,BEL,Universal Economic Fitness Metric,EF.EFM.UNIV.XD,4.0083,3.9914,3.706,3.6577,3.7599,3.916,3.8427,3.6638,3.6969,..
Belize,BLZ,Economic Fitness Metric,EF.EFM.PROD.XD,0.00040781,0.0027798,0.0066137,0.0097578,0.011065,0.026785,0.026527,0.031824,0.044669,0.030459
Belize,BLZ,Universal Economic Fitness Metric,EF.EFM.UNIV.XD,0.0028222,0.016953,0.0031227,0.0056749,0.006446,0.0046914,0.0041741,0.004451,0.0046852,..
Benin,BEN,Economic Fitness Metric,EF.EFM.PROD.XD,0,5.9262E-09,0.00044877,0.00092224,0.0015675,0.019407,0.032293,0.032085,0.05088,0.04878
Benin,BEN,Universal Economic Fitness Metric,EF.EFM.UNIV.XD,0.0024924,0.0024903,0.0040913,0.0052684,0.0051555,0.0052321,0.010164,0.0047965,0.0045171,..
Bhutan,BTN,Economic Fitness Metric,EF.EFM.PROD.XD,0.0048096,0.015241,0.018234,0.020682,0.017556,0.0048881,0.0063695,0.0067299,0.0055427,0.0030418
Bhutan,BTN,Universal Economic Fitness Metric,EF.EFM.UNIV.XD,0.00086917,0.0019468,0.0021237,0.001941,0.0017603,0.00072023,0.00085878,0.00096304,0.0010249,..
Bolivia,BOL,Economic Fitness Metric,EF.EFM.PROD.XD,0.046744,0.045102,0.050419,0.049311,0.050096,0.042203,0.035156,0.036883,0.03503,0.025726
Bolivia,BOL,Universal Economic Fitness Metric,EF.EFM.UNIV.XD,0.025849,0.031715,0.030797,0.031858,0.037813,0.035264,0.031706,0.029889,0.02885,..
Bosnia and Herzegovina,BIH,Economic Fitness Metric,EF.EFM.PROD.XD,0.66547,0.7154,0.72259,0.71228,0.70703,0.70838,0.73425,0.77417,0.78736,0.68559
Bosnia and Herzegovina,BIH,Universal Economic Fitness Metric,EF.EFM.UNIV.XD,0.049625,0.051583,0.046971,0.047408,0.050238,0.050952,0.052231,0.05129,0.061714,..
Botswana,BWA,Economic Fitness Metric,EF.EFM.PROD.XD,0.00075036,0.020638,0.033791,0.022928,0.033158,0.022138,0.023097,0.018709,0.017785,0.015695
Botswana,BWA,Universal Economic Fitness Metric,EF.EFM.UNIV.XD,0.0083235,0.017642,0.023197,0.013357,0.012454,0.013877,0.013256,0.012636,0.010817,..
Brazil,BRA,Economic Fitness Metric,EF.EFM.PROD.XD,1.7844,1.6723,1.637,1.5139,1.4775,1.4335,1.4331,1.4697,1.4183,1.2875
Brazil,BRA,Universal Economic Fitness Metric,EF.EFM.UNIV.XD,1.701,1.7591,1.9142,1.9279,1.9726,1.8872,1.8118,1.7011,1.7555,..
Brunei Darussalam,BRN,Economic Fitness Metric,EF.EFM.PROD.XD,0,4.6446E-96,7.0843E-06,2.0983E-29,0.026942,0.036462,0.051389,0.077462,0.058129,0.11482
Brunei Darussalam,BRN,Universal Economic Fitness Metric,EF.EFM.UNIV.XD,0.0038136,0.0055846,..,..,..,..,0.0068512,0.0060633,0.0039739,..
Bulgaria,BGR,Economic Fitness Metric,EF.EFM.PROD.XD,1.3696,1.5031,1.6012,1.5704,1.6076,1.6532,1.7065,1.7606,1.8743,1.8143
Bulgaria,BGR,Universal Economic Fitness Metric,EF.EFM.UNIV.XD,0.24122,0.25389,0.27297,0.28195,0.26621,0.26215,0.27748,0.27947,0.30536,..
Burkina Faso,BFA,Economic Fitness Metric,EF.EFM.PROD.XD,0.00036222,0.0021426,0.0061095,0.0063075,0.0069487,0.010604,0.013587,0.013328,0.0080818,0.0068025
Burkina Faso,BFA,Universal Economic Fitness Metric,EF.EFM.UNIV.XD,0.0021654,0.00798,0.0069301,0.0092929,0.010371,0.012107,0.014004,0.01068,0.013557,..
Burundi,BDI,Economic Fitness Metric,EF.EFM.PROD.XD,0,1.859E-17,0.00095807,0.0014734,0.0012364,0.004898,0.0061914,0.0037294,0.0006478,0.00015213
Burundi,BDI,Universal Economic Fitness Metric,EF.EFM.UNIV.XD,0.00036597,0.00070354,0.00093913,0.00081723,0.00099344,0.0013293,0.0014234,0.0017021,0.00070759,..
Cabo Verde,CPV,Economic Fitness Metric,EF.EFM.PROD.XD,0.009001,0.038891,0.047324,0.053899,0.044702,0.042469,0.035868,0.031137,0.0096527,0.003032
Cabo Verde,CPV,Universal Economic Fitness Metric,EF.EFM.UNIV.XD,..,..,..,..,..,..,..,..,..,..
Cambodia,KHM,Economic Fitness Metric,EF.EFM.PROD.XD,0.064871,0.086574,0.08664,0.089597,0.12224,0.18072,0.18937,0.22916,0.25034,0.15936
Cambodia,KHM,Universal Economic Fitness Metric,EF.EFM.UNIV.XD,0.023082,0.046598,0.043622,0.048433,0.046904,0.04596,0.06724,0.074346,0.082393,..
Cameroon,CMR,Economic Fitness Metric,EF.EFM.PROD.XD,0,2.5715E-17,0.0007164,0.0010587,0.0018141,0.016265,0.022386,0.027452,0.0172,0.022148
Cameroon,CMR,Universal Economic Fitness Metric,EF.EFM.UNIV.XD,0.014983,0.017867,0.017873,0.019802,0.01662,0.023172,0.02441,0.022292,0.017933,..
Canada,CAN,Economic Fitness Metric,EF.EFM.PROD.XD,2.1567,2.1162,2.0894,2.1127,2.0455,1.9094,1.8475,1.8936,1.9037,2.0082
Canada,CAN,Universal Economic Fitness Metric,EF.EFM.UNIV.XD,3.7929,3.7891,3.7458,3.51,3.2267,3.1263,3.0441,3.0585,3.0514,..
Central African Republic,CAF,Economic Fitness Metric,EF.EFM.PROD.XD,0,0,6.1528E-60,0,1.4483E-197,3.9887E-97,1.0327E-122,5.0338E-155,2.8515E-133,6.5969E-79
Central African Republic,CAF,Universal Economic Fitness Metric,EF.EFM.UNIV.XD,..,..,..,..,..,..,..,..,..,..
Chad,TCD,Economic Fitness Metric,EF.EFM.PROD.XD,0,0,1.104E-94,0,0,7.594E-201,4.6036E-240,9.1179E-231,0,1.3382E-164
Chad,TCD,Universal Economic Fitness Metric,EF.EFM.UNIV.XD,..,..,..,..,..,..,..,..,..,..
Chile,CHL,Economic Fitness Metric,EF.EFM.PROD.XD,0.41561,0.42034,0.40319,0.38252,0.35668,0.34738,0.36069,0.47499,0.48138,0.43531
Chile,CHL,Universal Economic Fitness Metric,EF.EFM.UNIV.XD,0.35289,0.37727,0.34578,0.36108,0.34227,0.32577,0.32379,0.31659,0.30206,..
China,CHN,Economic Fitness Metric,EF.EFM.PROD.XD,7.9674,8.0335,8.276,8.8489,10.192,10.308,9.8935,9.911,9.0615,11.157
China,CHN,Universal Economic Fitness Metric,EF.EFM.UNIV.XD,16.514,16.81,17.682,18.406,20.279,19.4,20.349,22.314,21.109,..
Colombia,COL,Economic Fitness Metric,EF.EFM.PROD.XD,0.72135,0.67522,0.51115,0.45074,0.42568,0.44753,0.4056,0.40444,0.44836,0.4009
Colombia,COL,Universal Economic Fitness Metric,EF.EFM.UNIV.XD,0.26887,0.24307,0.22483,0.23277,0.24058,0.23692,0.22301,0.21454,0.21173,..
"Congo, Dem. Rep.",COD,Economic Fitness Metric,EF.EFM.PROD.XD,0,4.3772E-245,8.0259E-22,3.5098E-187,1.0537E-147,9.7233E-97,1.4237E-108,5.9183E-154,4.2033E-175,1.4092E-102
"Congo, Dem. Rep.",COD,Universal Economic Fitness Metric,EF.EFM.UNIV.XD,0.013775,0.016611,0.01723,0.018013,0.017266,0.018208,0.020942,0.019308,0.016184,..
"Congo, Rep.",COG,Economic Fitness Metric,EF.EFM.PROD.XD,0,6.5363E-245,1.5067E-21,9.1194E-187,4.5506E-147,5.3387E-96,1.1756E-107,4.2764E-153,1.9332E-174,9.3588E-102
"Congo, Rep.",COG,Universal Economic Fitness Metric,EF.EFM.UNIV.XD,0.0048381,0.0090068,0.009469,0.0065475,0.0069219,0.0076233,0.018934,0.0074219,0.0077568,..
Costa Rica,CRI,Economic Fitness Metric,EF.EFM.PROD.XD,0.38691,0.33638,0.33859,0.34144,0.34131,0.34854,0.30962,0.30514,0.31158,0.27066
Costa Rica,CRI,Universal Economic Fitness Metric,EF.EFM.UNIV.XD,0.10813,0.11082,0.11232,0.11249,0.12469,0.12303,0.1185,0.13002,0.14088,..
Cote d'Ivoire,CIV,Economic Fitness Metric,EF.EFM.PROD.XD,0.027802,0.037793,0.025578,0.027355,0.022901,0.029308,0.026032,0.016764,0.012365,0.023289
Cote d'Ivoire,CIV,Universal Economic Fitness Metric,EF.EFM.UNIV.XD,0.062064,0.089184,0.07054,0.062415,0.064911,0.076901,0.091516,0.081192,0.067719,..
Croatia,HRV,Economic Fitness Metric,EF.EFM.PROD.XD,1.1536,1.1281,1.189,1.1233,1.0705,1.1592,1.1862,1.3122,1.402,1.3113
Croatia,HRV,Universal Economic Fitness Metric,EF.EFM.UNIV.XD,0.17402,0.16175,0.15132,0.16029,0.15367,0.15546,0.16038,0.15729,0.19018,..
Cuba,CUB,Economic Fitness Metric,EF.EFM.PROD.XD,0.00085922,0.0026479,0.003306,0.0048103,0.0042353,0.0062954,0.0046903,0.0036377,0.0053165,0.0021169
Cuba,CUB,Universal Economic Fitness Metric,EF.EFM.UNIV.XD,..,..,..,..,..,..,..,..,..,..
Cyprus,CYP,Economic Fitness Metric,EF.EFM.PROD.XD,0.86232,0.89784,0.9477,0.89652,0.74008,0.63118,0.70722,0.73892,0.71174,0.60332
Cyprus,CYP,Universal Economic Fitness Metric,EF.EFM.UNIV.XD,0.083337,0.068895,0.073489,0.077013,0.063325,0.066507,0.061725,0.06069,0.053158,..
Czech Republic,CZE,Economic Fitness Metric,EF.EFM.PROD.XD,3.7628,3.6171,3.6498,3.7065,3.7846,3.8005,3.7398,3.5919,3.6993,3.7547
Czech Republic,CZE,Universal Economic Fitness Metric,EF.EFM.UNIV.XD,1.1738,1.1314,1.0822,1.124,1.1301,1.1677,1.2407,1.2103,1.2841,..
Denmark,DNK,Economic Fitness Metric,EF.EFM.PROD.XD,2.7556,2.6375,2.6542,2.7488,2.696,2.6729,2.7345,2.7644,2.5622,2.4827
Denmark,DNK,Universal Economic Fitness Metric,EF.EFM.UNIV.XD,1.701,1.6317,1.5059,1.5291,1.4477,1.4352,1.3764,1.2667,1.2934,..
Dominican Republic,DOM,Economic Fitness Metric,EF.EFM.PROD.XD,0.30673,0.35711,0.3541,0.29935,0.2756,0.30528,0.29812,0.30702,0.31246,0.29517
Dominican Republic,DOM,Universal Economic Fitness Metric,EF.EFM.UNIV.XD,..,..,..,..,..,..,..,..,..,..
Ecuador,ECU,Economic Fitness Metric,EF.EFM.PROD.XD,0.082173,0.10435,0.099875,0.11076,0.099426,0.088441,0.072336,0.077924,0.083028,0.062051
Ecuador,ECU,Universal Economic Fitness Metric,EF.EFM.UNIV.XD,0.09503,0.10035,0.11772,0.11859,0.11662,0.1226,0.12074,0.113,0.11267,..
"Egypt, Arab Rep.",EGY,Economic Fitness Metric,EF.EFM.PROD.XD,0.63871,0.69567,0.73928,0.752,0.86324,0.99806,1.0137,0.99318,0.93605,0.92993
"Egypt, Arab Rep.",EGY,Universal Economic Fitness Metric,EF.EFM.UNIV.XD,0.27314,0.34089,0.31868,0.28878,0.30631,0.29088,0.30414,0.29641,0.27516,..
El Salvador,SLV,Economic Fitness Metric,EF.EFM.PROD.XD,0.37455,0.33436,0.36508,0.36099,0.41553,0.48481,0.48635,0.50045,0.50636,0.45566
El Salvador,SLV,Universal Economic Fitness Metric,EF.EFM.UNIV.XD,0.046495,0.047608,0.046324,0.049105,0.051133,0.053915,0.050154,0.06228,0.059211,..
Equatorial Guinea,GNQ,Economic Fitness Metric,EF.EFM.PROD.XD,0,0,1.1662E-86,0,0,1.0493E-211,4.2302E-252,2.2795E-231,0,1.8619E-154
Equatorial Guinea,GNQ,Universal Economic Fitness Metric,EF.EFM.UNIV.XD,..,..,..,..,..,..,..,..,..,..
Eritrea,ERI,Economic Fitness Metric,EF.EFM.PROD.XD,0,1.9071E-08,0.00024304,1.4467E-184,1.4483E-197,3.2034E-98,1.3446E-108,1.7376E-184,3.9054E-270,4.6557E-154
Eritrea,ERI,Universal Economic Fitness Metric,EF.EFM.UNIV.XD,..,..,..,..,..,..,..,..,..,..
Estonia,EST,Economic Fitness Metric,EF.EFM.PROD.XD,1.3899,1.385,1.4537,1.4399,1.485,1.6158,1.583,1.6062,1.6792,1.587
Estonia,EST,Universal Economic Fitness Metric,EF.EFM.UNIV.XD,0.1373,0.12973,0.12553,0.13865,0.14845,0.15949,0.15495,0.13579,0.14757,..
Eswatini,SWZ,Economic Fitness Metric,EF.EFM.PROD.XD,0.33043,0.37907,0.41009,0.43979,0.43744,0.34458,0.33611,0.31791,0.29085,0.22067
Eswatini,SWZ,Universal Economic Fitness Metric,EF.EFM.UNIV.XD,..,..,..,..,..,..,..,..,..,..
Ethiopia,ETH,Economic Fitness Metric,EF.EFM.PROD.XD,0.051118,0.066142,0.0727,0.067023,0.063234,0.079149,0.068349,0.071878,0.073222,0.055609
Ethiopia,ETH,Universal Economic Fitness Metric,EF.EFM.UNIV.XD,0.033186,0.025811,0.034775,0.03288,0.035581,0.055552,0.060602,0.062977,0.025118,..
Fiji,FJI,Economic Fitness Metric,EF.EFM.PROD.XD,0.11959,0.15085,0.1743,0.18865,0.18847,0.19166,0.17255,0.17907,0.24166,0.22656
Fiji,FJI,Universal Economic Fitness Metric,EF.EFM.UNIV.XD,..,..,..,..,..,..,..,..,..,..
Finland,FIN,Economic Fitness Metric,EF.EFM.PROD.XD,1.9256,1.8927,1.9636,2.1147,2.1179,2.0272,1.975,1.8907,1.9244,1.9074
Finland,FIN,Universal Economic Fitness Metric,EF.EFM.UNIV.XD,0.78463,0.70595,0.67372,0.67596,0.71617,0.73816,0.66688,0.62692,0.641,..
France,FRA,Economic Fitness Metric,EF.EFM.PROD.XD,6.8593,6.599,6.3556,6.2616,6.0269,6.0472,6.0543,5.7148,5.7463,5.8629
France,FRA,Universal Economic Fitness Metric,EF.EFM.UNIV.XD,7.609,7.7764,7.552,7.3529,7.0996,7.2414,7.3007,6.8112,6.8847,..
French Polynesia,PYF,Economic Fitness Metric,EF.EFM.PROD.XD,0.0073837,0.028619,0.037687,0.033716,0.043319,0.05392,0.044229,0.036886,0.017842,0.0063002
French Polynesia,PYF,Universal Economic Fitness Metric,EF.EFM.UNIV.XD,..,..,..,..,..,..,..,..,..,..
Gabon,GAB,Economic Fitness Metric,EF.EFM.PROD.XD,0,0,1.8454E-59,0,4.2864E-256,4.0199E-106,2.0654E-122,4.4111E-154,1.981E-174,5.4259E-103
Gabon,GAB,Universal Economic Fitness Metric,EF.EFM.UNIV.XD,0.0050116,0.0069178,0.0087095,0.0056462,0.0042925,..,..,..,..,..
"Gambia, The",GMB,Economic Fitness Metric,EF.EFM.PROD.XD,1.1269E-297,4.4843E-09,0.00051463,0.015277,0.019073,0.017775,0.014028,0.0011396,0.00074381,3.565E-06
"Gambia, The",GMB,Universal Economic Fitness Metric,EF.EFM.UNIV.XD,0.00033998,0.0005741,0.00064978,0.0025028,0.0027277,0.0031689,0.002667,0.00060082,0.0020455,..
Georgia,GEO,Economic Fitness Metric,EF.EFM.PROD.XD,0.053005,0.10957,0.11886,0.13666,0.14459,0.1529,0.16859,0.18428,0.21195,0.17224
Georgia,GEO,Universal Economic Fitness Metric,EF.EFM.UNIV.XD,0.010719,0.01774,0.02014,0.020356,0.022261,0.024836,0.024326,0.022531,0.025287,..
Germany,DEU,Economic Fitness Metric,EF.EFM.PROD.XD,8.6905,8.4494,8.3555,8.3407,8.2857,8.7341,8.3717,8.6056,8.7004,9.2755
Germany,DEU,Universal Economic Fitness Metric,EF.EFM.UNIV.XD,13.754,13.209,12.811,12.614,12.123,12.542,12.778,12.003,12.591,..
Ghana,GHA,Economic Fitness Metric,EF.EFM.PROD.XD,0.005358,0.015093,0.024009,0.023344,0.019164,0.033754,0.017429,0.0086138,0.014416,0.009314
Ghana,GHA,Universal Economic Fitness Metric,EF.EFM.UNIV.XD,0.024116,0.031915,0.030001,0.059747,0.048223,0.050925,0.049923,0.049747,0.055827,..
Greece,GRC,Economic Fitness Metric,EF.EFM.PROD.XD,1.3463,1.2377,1.1101,1.0841,0.95703,0.95679,0.95267,0.96996,1.0325,0.91864
Greece,GRC,Universal Economic Fitness Metric,EF.EFM.UNIV.XD,0.40457,0.41032,0.36066,0.35223,0.31958,0.31927,0.32991,0.29731,0.30609,..
Greenland,GRL,Economic Fitness Metric,EF.EFM.PROD.XD,0.0019356,0.0019481,0.00063022,0.00054138,0.00068841,0.0015838,9.1963E-05,5.2911E-08,4.9828E-10,1.1036E-39
Greenland,GRL,Universal Economic Fitness Metric,EF.EFM.UNIV.XD,..,..,..,..,..,..,..,..,..,..
Guatemala,GTM,Economic Fitness Metric,EF.EFM.PROD.XD,0.53142,0.46006,0.47681,0.4965,0.53302,0.53692,0.54754,0.53061,0.45873,0.28638
Guatemala,GTM,Universal Economic Fitness Metric,EF.EFM.UNIV.XD,0.075941,0.086525,0.086505,0.086694,0.088187,0.089248,0.088565,0.10197,0.10024,..
Guinea,GIN,Economic Fitness Metric,EF.EFM.PROD.XD,0,2.7014E-225,4.0381E-11,4.0135E-77,2.9808E-17,7.6144E-05,1.037E-05,2.1492E-08,5.9928E-10,9.7309E-41
Guinea,GIN,Universal Economic Fitness Metric,EF.EFM.UNIV.XD,0.0032923,0.003587,0.003555,0.0031965,0.0033378,0.0041209,0.003853,0.0042661,0.0037032,..
Guinea-Bissau,GNB,Economic Fitness Metric,EF.EFM.PROD.XD,0,0,5.8158E-44,0,2.7516E-231,9.1847E-142,4.2861E-238,2.7604E-186,0,9.3105E-154
Guinea-Bissau,GNB,Universal Economic Fitness Metric,EF.EFM.UNIV.XD,0.00014219,0.00038839,0.00055382,0.002793,0.00054661,0.0012657,0.00089892,0.00064663,0.00061957,..
Guyana,GUY,Economic Fitness Metric,EF.EFM.PROD.XD,0.01345,0.011106,0.0092191,0.009023,0.0081913,0.0083897,0.0076405,0.0089439,0.010714,0.0053511
Guyana,GUY,Universal Economic Fitness Metric,EF.EFM.UNIV.XD,0.0065929,0.006373,0.0063746,0.0080528,0.0059414,0.005164,0.0050289,0.011814,0.007623,..
Haiti,HTI,Economic Fitness Metric,EF.EFM.PROD.XD,0.010852,0.009547,0.01436,0.015805,0.013476,0.017343,0.018465,0.019844,0.016983,0.010695
Haiti,HTI,Universal Economic Fitness Metric,EF.EFM.UNIV.XD,..,..,..,..,..,..,..,..,..,..
Honduras,HND,Economic Fitness Metric,EF.EFM.PROD.XD,0.18642,0.22614,0.22548,0.19174,0.20705,0.20379,0.22521,0.20675,0.20961,0.19194
Honduras,HND,Universal Economic Fitness Metric,EF.EFM.UNIV.XD,0.041622,0.042571,0.040213,0.042327,0.050696,0.051969,0.056348,0.064511,0.058566,..
Hungary,HUN,Economic Fitness Metric,EF.EFM.PROD.XD,1.8589,1.9007,1.9306,1.9537,2.0406,2.092,2.0688,2.1982,2.176,2.0674
Hungary,HUN,Universal Economic Fitness Metric,EF.EFM.UNIV.XD,0.82213,0.76845,0.74166,0.75312,0.71932,0.76412,0.80427,0.74643,0.81494,..
Iceland,ISL,Economic Fitness Metric,EF.EFM.PROD.XD,0.15396,0.14049,0.13053,0.11107,0.084485,0.078188,0.083891,0.093448,0.10612,0.081889
Iceland,ISL,Universal Economic Fitness Metric,EF.EFM.UNIV.XD,0.041841,0.049857,0.046913,0.047889,0.038795,0.055442,0.054013,0.052151,0.052338,..
India,IND,Economic Fitness Metric,EF.EFM.PROD.XD,4.3998,4.7465,4.6036,4.7922,5.2846,5.1927,5.3063,5.5066,5.5298,6.0697
India,IND,Universal Economic Fitness Metric,EF.EFM.UNIV.XD,2.5788,2.7564,2.7389,2.8501,3.1233,3.0226,2.8983,2.8796,2.8418,..
Indonesia,IDN,Economic Fitness Metric,EF.EFM.PROD.XD,1.3622,1.3758,1.5326,1.4989,1.5654,1.5662,1.6627,1.7541,1.6834,1.6223
Indonesia,IDN,Universal Economic Fitness Metric,EF.EFM.UNIV.XD,0.97307,1.144,1.1762,1.234,1.3058,1.2054,1.213,1.2703,1.3142,..
"Iran, Islamic Rep.",IRN,Economic Fitness Metric,EF.EFM.PROD.XD,0.02945,0.032947,0.039068,0.046693,0.067495,0.094157,0.11444,0.12708,0.12258,0.11795
"Iran, Islamic Rep.",IRN,Universal Economic Fitness Metric,EF.EFM.UNIV.XD,..,..,..,..,..,..,..,..,..,..
Iraq,IRQ,Economic Fitness Metric,EF.EFM.PROD.XD,0,0,3.3748E-124,0,0,5.0069E-203,3.2781E-242,9.1179E-231,0,2.8971E-149
Iraq,IRQ,Universal Economic Fitness Metric,EF.EFM.UNIV.XD,0.0082557,0.0095151,0.012444,0.0099498,0.012838,0.012984,0.01513,0.019525,0.023572,..
Ireland,IRL,Economic Fitness Metric,EF.EFM.PROD.XD,1.451,1.24,1.2859,1.1977,1.1304,1.1185,1.0607,0.94931,0.89982,0.81819
Ireland,IRL,Universal Economic Fitness Metric,EF.EFM.UNIV.XD,1.5896,1.5911,1.9536,1.9454,1.7969,1.3996,1.8823,2.0163,1.9439,..
Israel,ISR,Economic Fitness Metric,EF.EFM.PROD.XD,2.3283,2.2972,2.2249,2.2626,2.275,2.2592,2.2769,2.2039,2.0896,1.9392
Israel,ISR,Universal Economic Fitness Metric,EF.EFM.UNIV.XD,0.68761,0.75157,0.77124,0.72119,0.67053,0.69,0.66779,0.63761,0.67939,..
Italy,ITA,Economic Fitness Metric,EF.EFM.PROD.XD,6.4554,6.2418,6.2541,6.3963,6.265,6.0971,6.0102,6.1427,6.3673,6.4034
Italy,ITA,Universal Economic Fitness Metric,EF.EFM.UNIV.XD,5.3928,5.178,4.8216,4.8577,4.7105,4.6383,4.8113,4.4993,4.6457,..
Jamaica,JAM,Economic Fitness Metric,EF.EFM.PROD.XD,0.023618,0.036116,0.046625,0.05146,0.047232,0.042991,0.041376,0.044028,0.057476,0.05596
Jamaica,JAM,Universal Economic Fitness Metric,EF.EFM.UNIV.XD,..,..,..,..,..,..,..,..,..,..
Japan,JPN,Economic Fitness Metric,EF.EFM.PROD.XD,6.855,6.9046,6.8331,7.1638,7.1905,6.6886,6.8032,6.7974,6.7345,7.1023
Japan,JPN,Universal Economic Fitness Metric,EF.EFM.UNIV.XD,7.7613,7.8502,8.1377,8.0371,7.5646,7.0096,6.6463,6.6906,7.2183,..
Jordan,JOR,Economic Fitness Metric,EF.EFM.PROD.XD,0.59064,0.53887,0.5337,0.539,0.48175,0.46777,0.43682,0.38498,0.37497,0.29488
Jordan,JOR,Universal Economic Fitness Metric,EF.EFM.UNIV.XD,0.071489,0.078203,0.082272,0.08182,0.089148,0.091124,0.097995,0.10211,0.089831,..
Kazakhstan,KAZ,Economic Fitness Metric,EF.EFM.PROD.XD,0.096939,0.081645,0.081141,0.084017,0.093963,0.11533,0.14722,0.2001,0.20229,0.18771
Kazakhstan,KAZ,Universal Economic Fitness Metric,EF.EFM.UNIV.XD,0.12574,0.19416,0.17095,0.18945,0.23915,0.15725,0.17321,0.16908,0.17304,..
Kenya,KEN,Economic Fitness Metric,EF.EFM.PROD.XD,0.32644,0.38562,0.35937,0.27109,0.22089,0.26662,0.22181,0.20153,0.18808,0.24009
Kenya,KEN,Universal Economic Fitness Metric,EF.EFM.UNIV.XD,0.098874,0.097469,0.090922,0.071119,0.078121,0.093997,0.082426,0.07911,0.078391,..
"Korea, Dem. People's Rep.",PRK,Economic Fitness Metric,EF.EFM.PROD.XD,0.70993,0.71687,0.6246,0.47489,0.44675,0.40784,0.36687,0.31421,0.29454,0.27036
"Korea, Dem. People's Rep.",PRK,Universal Economic Fitness Metric,EF.EFM.UNIV.XD,..,..,..,..,..,..,..,..,..,..
"Korea, Rep.",KOR,Economic Fitness Metric,EF.EFM.PROD.XD,3.4623,3.6007,3.7241,3.8522,4.0265,4.0357,4.3385,4.3134,4.1246,4.1838
"Korea, Rep.",KOR,Universal Economic Fitness Metric,EF.EFM.UNIV.XD,2.806,2.9167,3.0534,3.1447,3.3508,3.3312,3.4125,3.7542,3.9143,..
Kuwait,KWT,Economic Fitness Metric,EF.EFM.PROD.XD,5.1596E-298,2.6249E-15,0.0011868,0.00079203,0.0011379,0.002671,0.0033744,0.011033,0.010669,0.010253
Kuwait,KWT,Universal Economic Fitness Metric,EF.EFM.UNIV.XD,0.071818,0.062436,0.076321,0.076763,0.064708,0.082853,0.077459,0.079713,0.063104,..
Kyrgyz Republic,KGZ,Economic Fitness Metric,EF.EFM.PROD.XD,0.12901,0.14359,0.14778,0.15127,0.18199,0.17386,0.1634,0.1625,0.15041,0.14791
Kyrgyz Republic,KGZ,Universal Economic Fitness Metric,EF.EFM.UNIV.XD,0.012818,0.01146,0.011455,0.011126,0.012207,0.012623,0.0093831,0.0093986,0.0091655,..
Lao PDR,LAO,Economic Fitness Metric,EF.EFM.PROD.XD,0.03555,0.039207,0.04509,0.050563,0.05491,0.050415,0.051377,0.052194,0.050846,0.029931
Lao PDR,LAO,Universal Economic Fitness Metric,EF.EFM.UNIV.XD,..,..,..,..,..,..,..,..,..,..
Latvia,LVA,Economic Fitness Metric,EF.EFM.PROD.XD,1.3868,1.2659,1.3632,1.4423,1.3634,1.3674,1.3988,1.3654,1.4721,1.3572
Latvia,LVA,Universal Economic Fitness Metric,EF.EFM.UNIV.XD,0.14604,0.12681,0.11319,0.11883,0.11803,0.12272,0.12828,0.11884,0.11809,..
Lebanon,LBN,Economic Fitness Metric,EF.EFM.PROD.XD,0.90341,0.81854,0.78919,0.79883,0.85118,0.8935,0.86412,0.7226,0.70147,0.64642
Lebanon,LBN,Universal Economic Fitness Metric,EF.EFM.UNIV.XD,0.061578,0.065833,0.096994,0.12236,0.086152,0.089763,0.11152,0.099342,0.090805,..
Lesotho,LSO,Economic Fitness Metric,EF.EFM.PROD.XD,5.3413E-73,0.0003493,0.057786,0.06378,0.061274,0.064513,0.057717,0.046321,0.047238,0.083147
Lesotho,LSO,Universal Economic Fitness Metric,EF.EFM.UNIV.XD,0.0015565,0.0016536,0.0042455,0.0045377,0.0043353,0.0039177,0.0038511,0.0043272,0.0052714,..
Liberia,LBR,Economic Fitness Metric,EF.EFM.PROD.XD,0,1.117E-244,8.5161E-22,1.6563E-171,5.0696E-32,2.0503E-11,1.0177E-71,1.6074E-152,1.2076E-173,1.5471E-78
Liberia,LBR,Universal Economic Fitness Metric,EF.EFM.UNIV.XD,0.0058539,0.0090925,0.005721,0.0044728,0.0041511,0.0046689,0.0044854,0.0057486,0.0092834,..
Libya,LBY,Economic Fitness Metric,EF.EFM.PROD.XD,0,1.8167E-229,3.7518E-20,1.6563E-171,2.7423E-145,2.1114E-74,2.5232E-40,2.8494E-08,8.7982E-08,5.9256E-28
Libya,LBY,Universal Economic Fitness Metric,EF.EFM.UNIV.XD,0.010616,0.010284,0.010427,0.0028181,0.0047992,0.0063978,0.0044562,0.0088943,0.0042746,..
Lithuania,LTU,Economic Fitness Metric,EF.EFM.PROD.XD,1.4659,1.4249,1.5261,1.6376,1.7838,1.933,2.0381,1.9837,2.1238,1.9949
Lithuania,LTU,Universal Economic Fitness Metric,EF.EFM.UNIV.XD,0.20669,0.18975,0.20122,0.21109,0.23422,0.24882,0.27857,0.23843,0.25844,..
Luxembourg,LUX,Economic Fitness Metric,EF.EFM.PROD.XD,1.4683,1.4519,1.3996,1.3975,1.3659,1.3865,1.342,1.3786,1.4479,1.3692
Luxembourg,LUX,Universal Economic Fitness Metric,EF.EFM.UNIV.XD,0.84006,0.85172,0.80909,0.84563,0.82411,0.95685,0.95824,0.89121,0.90685,..
Madagascar,MDG,Economic Fitness Metric,EF.EFM.PROD.XD,0.12944,0.17047,0.18368,0.17517,0.16932,0.17691,0.15911,0.16223,0.16068,0.12938
Madagascar,MDG,Universal Economic Fitness Metric,EF.EFM.UNIV.XD,0.020964,0.018169,0.018902,0.018709,0.019142,0.023683,0.031317,0.029821,0.030834,..
Malawi,MWI,Economic Fitness Metric,EF.EFM.PROD.XD,0.0073486,0.0082799,0.010538,0.01113,0.010615,0.014114,0.019108,0.022303,0.011542,0.011063
Malawi,MWI,Universal Economic Fitness Metric,EF.EFM.UNIV.XD,0.008864,0.01234,0.0090069,0.015607,0.012461,0.011094,0.013479,0.0095853,0.0053512,..
Malaysia,MYS,Economic Fitness Metric,EF.EFM.PROD.XD,1.5949,2.1324,2.375,2.4063,2.6828,2.4402,2.3871,2.2494,2.2466,2.3264
Malaysia,MYS,Universal Economic Fitness Metric,EF.EFM.UNIV.XD,1.0185,1.1669,1.2604,1.2241,1.2831,1.2254,1.2892,1.2917,1.2583,..
Maldives,MDV,Economic Fitness Metric,EF.EFM.PROD.XD,0,2.1799E-94,0.0008754,0.0019489,0.0040617,0.005527,0.0020619,0.0011561,8.2444E-06,1.5845E-40
Maldives,MDV,Universal Economic Fitness Metric,EF.EFM.UNIV.XD,..,..,..,..,..,..,..,..,..,..
Mali,MLI,Economic Fitness Metric,EF.EFM.PROD.XD,0,4.5948E-96,0.00010288,0.00012725,0.0001776,4.8137E-05,4.2453E-06,2.1838E-07,0.00048761,0.00046912
Mali,MLI,Universal Economic Fitness Metric,EF.EFM.UNIV.XD,0.0096495,0.003089,0.0080256,0.0094696,0.011538,0.0058704,0.0067696,0.006696,0.016058,..
Malta,MLT,Economic Fitness Metric,EF.EFM.PROD.XD,0.24085,0.35426,0.36303,0.35574,0.35489,0.36638,0.4042,0.44856,0.39089,0.30393
Malta,MLT,Universal Economic Fitness Metric,EF.EFM.UNIV.XD,0.13682,0.13268,0.12648,0.11872,0.11292,0.12624,0.12544,0.12735,0.1449,..
Mauritania,MRT,Economic Fitness Metric,EF.EFM.PROD.XD,0,3.8835E-226,1.1029E-11,6.6891E-78,1.4039E-17,4.3394E-09,2.7864E-06,2.8242E-09,5.9251E-11,1.9461E-40
Mauritania,MRT,Universal Economic Fitness Metric,EF.EFM.UNIV.XD,..,..,..,..,0.0045857,0.0044188,0.0061894,0.0051611,0.0057987,..
Mauritius,MUS,Economic Fitness Metric,EF.EFM.PROD.XD,0.31643,0.35979,0.4111,0.40604,0.35881,0.40651,0.37818,0.35175,0.37243,0.33257
Mauritius,MUS,Universal Economic Fitness Metric,EF.EFM.UNIV.XD,..,..,..,..,..,..,..,..,..,..
Mexico,MEX,Economic Fitness Metric,EF.EFM.PROD.XD,1.9394,2.1415,2.1528,2.0451,2.0132,1.9021,1.7818,1.7595,1.6492,1.6224
Mexico,MEX,Universal Economic Fitness Metric,EF.EFM.UNIV.XD,1.4863,1.4938,1.5453,1.5753,1.7691,1.8139,1.9738,2.1043,2.1348,..
Moldova,MDA,Economic Fitness Metric,EF.EFM.PROD.XD,0.2348,0.38644,0.42479,0.46858,0.48929,0.49324,0.39841,0.35882,0.41259,0.39261
Moldova,MDA,Universal Economic Fitness Metric,EF.EFM.UNIV.XD,..,..,..,..,..,..,..,..,..,..
Mongolia,MNG,Economic Fitness Metric,EF.EFM.PROD.XD,0.0075144,0.0084488,0.0089949,0.0085663,0.0070742,0.014902,0.013788,0.014849,0.018794,0.013557
Mongolia,MNG,Universal Economic Fitness Metric,EF.EFM.UNIV.XD,0.010143,0.012406,0.013144,0.014036,0.014629,0.019542,0.022241,0.023489,0.021539,..
Montenegro,MNE,Economic Fitness Metric,EF.EFM.PROD.XD,0.18872,0.22978,0.22329,0.19755,0.19654,0.21535,0.21855,0.23868,0.21284,0.20128
Montenegro,MNE,Universal Economic Fitness Metric,EF.EFM.UNIV.XD,0.0088647,0.0079243,0.0071278,0.0087349,0.0068668,0.0070574,0.0082436,0.0076503,0.0069256,..
Morocco,MAR,Economic Fitness Metric,EF.EFM.PROD.XD,0.34115,0.35667,0.35801,0.36926,0.37464,0.37945,0.37932,0.40832,0.41616,0.37082
Morocco,MAR,Universal Economic Fitness Metric,EF.EFM.UNIV.XD,0.19073,0.19643,0.18873,0.19814,0.19528,0.1875,0.21734,0.22368,0.22749,..
Mozambique,MOZ,Economic Fitness Metric,EF.EFM.PROD.XD,0.0010731,0.0063258,0.0053773,0.0069649,0.012696,0.017064,0.021722,0.021667,0.015431,0.013733
Mozambique,MOZ,Universal Economic Fitness Metric,EF.EFM.UNIV.XD,0.012416,0.015243,0.017841,0.019237,0.023366,0.027439,0.034186,0.023961,0.02219,..
Myanmar,MMR,Economic Fitness Metric,EF.EFM.PROD.XD,0.028127,0.035326,0.042848,0.043296,0.051208,0.058823,0.058559,0.077661,0.14255,0.15985
Myanmar,MMR,Universal Economic Fitness Metric,EF.EFM.UNIV.XD,0.017272,0.029688,0.036815,0.031146,0.033307,0.04766,0.056972,0.058034,0.080584,..
Namibia,NAM,Economic Fitness Metric,EF.EFM.PROD.XD,0.16764,0.1938,0.17083,0.16789,0.17179,0.13396,0.10927,0.069097,0.076056,0.053199
Namibia,NAM,Universal Economic Fitness Metric,EF.EFM.UNIV.XD,0.047489,0.076692,0.061966,0.065948,0.049803,0.058026,0.053405,0.027235,0.037026,..
Nepal,NPL,Economic Fitness Metric,EF.EFM.PROD.XD,0.23203,0.38551,0.42094,0.40935,0.34672,0.33762,0.32652,0.3048,0.29386,0.26757
Nepal,NPL,Universal Economic Fitness Metric,EF.EFM.UNIV.XD,0.0045907,0.026113,0.025355,0.021239,0.022975,0.020649,0.02298,0.023995,0.012459,..
Netherlands,NLD,Economic Fitness Metric,EF.EFM.PROD.XD,5.2863,5.0282,4.928,5.0839,4.9507,5.0303,5.2002,5.5896,5.4736,5.2238
Netherlands,NLD,Universal Economic Fitness Metric,EF.EFM.UNIV.XD,5.4555,5.4459,5.1674,5.162,5.0283,5.1396,5.2033,5.0841,5.0005,..
New Zealand,NZL,Economic Fitness Metric,EF.EFM.PROD.XD,1.1622,1.0711,0.97477,0.99139,0.89739,0.92843,0.80828,0.82961,0.77957,0.64698
New Zealand,NZL,Universal Economic Fitness Metric,EF.EFM.UNIV.XD,0.55234,0.52117,0.54902,0.59259,0.60107,0.58375,0.60838,0.56235,0.53565,..
Nicaragua,NIC,Economic Fitness Metric,EF.EFM.PROD.XD,0.061452,0.061856,0.05338,0.050716,0.07382,0.089294,0.048301,0.042706,0.051306,0.044351
Nicaragua,NIC,Universal Economic Fitness Metric,EF.EFM.UNIV.XD,0.021864,0.021941,0.022043,0.024697,0.039898,0.03803,0.034821,0.035162,0.031853,..
Niger,NER,Economic Fitness Metric,EF.EFM.PROD.XD,0,0.00097516,0.0020225,0.0021636,0.0010005,0.00075843,0.00064028,0.00011466,0.00068204,2.3211E-25
Niger,NER,Universal Economic Fitness Metric,EF.EFM.UNIV.XD,0.0013125,0.0069296,0.0039444,0.0054818,0.0066031,0.017863,0.0075017,0.006195,0.0081832,..
Nigeria,NGA,Economic Fitness Metric,EF.EFM.PROD.XD,0,2.4962E-08,0.0037905,0.0016686,0.0041473,0.0074487,0.0057644,0.00061643,0.003056,0.0014283
Nigeria,NGA,Universal Economic Fitness Metric,EF.EFM.UNIV.XD,0.027092,0.090611,0.15077,0.11867,0.18719,0.10832,0.27293,0.041248,0.033334,..
North Macedonia,MKD,Economic Fitness Metric,EF.EFM.PROD.XD,0.30468,0.35055,0.39707,0.34228,0.35449,0.3648,0.36739,0.36764,0.38209,0.32389
North Macedonia,MKD,Universal Economic Fitness Metric,EF.EFM.UNIV.XD,0.030186,0.035399,0.033064,0.040621,0.038517,0.042846,0.047247,0.049129,0.049986,..
Norway,NOR,Economic Fitness Metric,EF.EFM.PROD.XD,0.82218,0.78168,0.7716,0.72841,0.6527,0.60959,0.65942,0.72922,0.75773,0.67574
Norway,NOR,Universal Economic Fitness Metric,EF.EFM.UNIV.XD,0.70308,0.72063,0.75165,0.64633,0.65613,0.63237,0.59329,0.56268,0.58159,..
Oman,OMN,Economic Fitness Metric,EF.EFM.PROD.XD,0.004924,0.0093246,0.015282,0.0093084,0.022449,0.030307,0.04459,0.061445,0.071528,0.062896
Oman,OMN,Universal Economic Fitness Metric,EF.EFM.UNIV.XD,0.027121,0.029225,0.03615,0.040055,0.079641,0.089728,0.070285,0.091722,0.076043,..
Pakistan,PAK,Economic Fitness Metric,EF.EFM.PROD.XD,0.77476,0.85729,0.92156,0.92658,0.92467,0.93073,0.93983,0.89843,0.87472,0.78987
Pakistan,PAK,Universal Economic Fitness Metric,EF.EFM.UNIV.XD,0.20544,0.21712,0.23633,0.25955,0.25226,0.23913,0.26138,0.25866,0.22623,..
Panama,PAN,Economic Fitness Metric,EF.EFM.PROD.XD,1.4697,1.4808,1.5317,1.3904,0.92898,0.79508,0.86032,0.82589,0.86957,0.73601
Panama,PAN,Universal Economic Fitness Metric,EF.EFM.UNIV.XD,0.10303,0.11943,0.10885,0.11198,0.088516,0.084351,0.076561,0.08565,0.14822,..
Papua New Guinea,PNG,Economic Fitness Metric,EF.EFM.PROD.XD,0,3.8723E-97,1.7324E-07,3.2447E-05,4.9251E-05,3.9975E-05,4.6205E-06,3.929E-08,3.8552E-10,1.4741E-40
Papua New Guinea,PNG,Universal Economic Fitness Metric,EF.EFM.UNIV.XD,..,..,..,..,..,..,..,..,..,..
Paraguay,PRY,Economic Fitness Metric,EF.EFM.PROD.XD,0.060637,0.067174,0.063805,0.07066,0.080942,0.079239,0.072608,0.073194,0.068888,0.060737
Paraguay,PRY,Universal Economic Fitness Metric,EF.EFM.UNIV.XD,0.055534,0.044125,0.058087,0.06132,0.055803,0.073574,0.077916,0.066746,0.069717,..
Peru,PER,Economic Fitness Metric,EF.EFM.PROD.XD,0.32646,0.34813,0.32939,0.34564,0.36156,0.36744,0.39568,0.35975,0.33429,0.29264
Peru,PER,Universal Economic Fitness Metric,EF.EFM.UNIV.XD,0.21189,0.20227,0.21203,0.23913,0.24703,0.22983,0.21781,0.21948,0.21564,..
Philippines,PHL,Economic Fitness Metric,EF.EFM.PROD.XD,0.72298,0.88292,0.95817,0.98282,0.96419,0.92993,0.84807,0.81164,0.86357,0.99478
Philippines,PHL,Universal Economic Fitness Metric,EF.EFM.UNIV.XD,0.36714,0.38086,0.42079,0.41161,0.43266,0.41958,0.42158,0.43456,0.47258,..
Poland,POL,Economic Fitness Metric,EF.EFM.PROD.XD,2.7136,2.651,2.6721,2.6466,2.5797,2.6754,2.8049,2.985,3.0386,3.1972
Poland,POL,Universal Economic Fitness Metric,EF.EFM.UNIV.XD,1.524,1.4515,1.4642,1.5382,1.533,1.7252,1.8258,1.8116,1.9488,..
Portugal,PRT,Economic Fitness Metric,EF.EFM.PROD.XD,2.0674,2.0651,2.1649,2.2458,2.331,2.4025,2.2418,2.33,2.2305,2.1257
Portugal,PRT,Universal Economic Fitness Metric,EF.EFM.UNIV.XD,0.64651,0.64396,0.57318,0.59804,0.6116,0.62327,0.63704,0.59092,0.61607,..
Qatar,QAT,Economic Fitness Metric,EF.EFM.PROD.XD,0,4.5135E-229,6.3074E-20,1.2611E-157,0.0003047,0.0013771,0.0012002,0.0026044,0.001656,3.8283E-17
Qatar,QAT,Universal Economic Fitness Metric,EF.EFM.UNIV.XD,..,..,..,0.09826,0.10773,0.15371,0.16099,0.17497,0.13938,..
Romania,ROU,Economic Fitness Metric,EF.EFM.PROD.XD,1.6908,1.6363,1.6419,1.6573,1.7166,1.726,1.6992,1.7683,1.8634,1.8061
Romania,ROU,Universal Economic Fitness Metric,EF.EFM.UNIV.XD,0.44455,0.43427,0.41514,0.43666,0.43226,0.52813,0.57046,0.54991,0.58908,..
Russian Federation,RUS,Economic Fitness Metric,EF.EFM.PROD.XD,1.0035,1.0221,1.0768,1.0357,1.0106,0.96908,0.96006,1.147,1.1413,1.1951
Russian Federation,RUS,Universal Economic Fitness Metric,EF.EFM.UNIV.XD,1.3969,1.3994,1.2352,1.3434,1.4327,1.4258,1.4136,1.4314,1.2461,..
Rwanda,RWA,Economic Fitness Metric,EF.EFM.PROD.XD,0,0.0083696,0.023403,0.024846,0.019827,0.026427,0.040826,0.04094,0.034353,0.0014406
Rwanda,RWA,Universal Economic Fitness Metric,EF.EFM.UNIV.XD,..,..,0.0029135,0.0037983,0.0046939,0.0054708,0.0053729,0.0072721,0.0071355,..
Saudi Arabia,SAU,Economic Fitness Metric,EF.EFM.PROD.XD,0.10183,0.13318,0.13019,0.12387,0.15956,0.18894,0.23569,0.31409,0.25692,0.21849
Saudi Arabia,SAU,Universal Economic Fitness Metric,EF.EFM.UNIV.XD,0.34853,0.34781,0.40791,0.36269,0.42928,0.424,0.41423,0.45262,0.44002,..
Senegal,SEN,Economic Fitness Metric,EF.EFM.PROD.XD,0.12141,0.1023,0.12708,0.1194,0.1215,0.12676,0.12323,0.11005,0.11167,0.10293
Senegal,SEN,Universal Economic Fitness Metric,EF.EFM.UNIV.XD,0.022166,0.027526,0.026167,0.025794,0.030161,0.035684,0.036037,0.037724,0.034796,..
Serbia,SRB,Economic Fitness Metric,EF.EFM.PROD.XD,1.1564,1.0748,1.0544,1.0618,1.0497,1.0493,1.0599,1.0839,1.1266,1.0761
Serbia,SRB,Universal Economic Fitness Metric,EF.EFM.UNIV.XD,0.13948,0.12721,0.11843,0.12204,0.12515,0.1393,0.14622,0.14312,0.16392,..
Seychelles,SYC,Economic Fitness Metric,EF.EFM.PROD.XD,1.6684E-75,3.4608E-07,0.0039433,0.0051008,0.010469,0.017644,0.016414,0.021859,0.014963,0.0042938
Seychelles,SYC,Universal Economic Fitness Metric,EF.EFM.UNIV.XD,..,..,..,..,..,..,..,..,..,..
Sierra Leone,SLE,Economic Fitness Metric,EF.EFM.PROD.XD,0.22005,0.21333,0.18091,0.10795,0.070219,0.044581,0.03567,0.06208,0.077273,0.075304
Sierra Leone,SLE,Universal Economic Fitness Metric,EF.EFM.UNIV.XD,0.0013697,0.0024782,0.0014887,0.0030284,0.0027663,0.0033634,0.0035824,0.003161,0.01053,..
Singapore,SGP,Economic Fitness Metric,EF.EFM.PROD.XD,2.8655,2.87,2.6921,2.7366,2.8397,2.663,2.5331,2.4315,2.4227,2.1943
Singapore,SGP,Universal Economic Fitness Metric,EF.EFM.UNIV.XD,1.9665,1.9995,1.9306,2.0084,2.0618,2.1199,2.0358,2.1223,2.1181,..
Slovak Republic,SVK,Economic Fitness Metric,EF.EFM.PROD.XD,1.9501,2.0032,1.9861,2.0058,2.0149,2.0847,2.0753,1.9354,1.8713,1.8863
Slovak Republic,SVK,Universal Economic Fitness Metric,EF.EFM.UNIV.XD,0.50351,0.46957,0.43332,0.44045,0.46959,0.48849,0.50322,0.46659,0.49456,..
Slovenia,SVN,Economic Fitness Metric,EF.EFM.PROD.XD,2.2614,2.2255,2.1901,2.2123,2.1938,2.2858,2.2774,2.3174,2.3449,2.31
Slovenia,SVN,Universal Economic Fitness Metric,EF.EFM.UNIV.XD,0.28527,0.26429,0.24429,0.24338,0.23752,0.24602,0.25505,0.25153,0.29694,..
Somalia,SOM,Economic Fitness Metric,EF.EFM.PROD.XD,0,3.1711E-228,1.0107E-18,1.9574E-155,5.6233E-18,9.4996E-11,7.7548E-13,3.5116E-08,6.2636E-10,1.0261E-38
Somalia,SOM,Universal Economic Fitness Metric,EF.EFM.UNIV.XD,..,..,..,..,..,..,..,..,..,..
South Africa,ZAF,Economic Fitness Metric,EF.EFM.PROD.XD,1.7894,1.7669,1.8998,1.7751,1.7927,1.8581,1.9572,1.8454,1.6365,1.4603
South Africa,ZAF,Universal Economic Fitness Metric,EF.EFM.UNIV.XD,0.48222,0.52065,0.55752,0.58441,0.55142,0.53647,0.49284,0.47293,0.47988,..
South Sudan,SSD,Economic Fitness Metric,EF.EFM.PROD.XD,..,..,..,..,..,..,..,..,..,..
South Sudan,SSD,Universal Economic Fitness Metric,EF.EFM.UNIV.XD,..,..,..,..,..,..,..,..,..,..
Spain,ESP,Economic Fitness Metric,EF.EFM.PROD.XD,4.9725,4.9041,4.9329,5.1424,4.6427,4.5822,4.651,4.5231,4.5349,4.5077
Spain,ESP,Universal Economic Fitness Metric,EF.EFM.UNIV.XD,2.4539,2.4559,2.2524,2.3108,2.3238,2.7957,2.7981,2.6236,2.8084,..
Sri Lanka,LKA,Economic Fitness Metric,EF.EFM.PROD.XD,0.3398,0.38085,0.4242,0.39697,0.38955,0.4268,0.42996,0.44355,0.48699,0.47108
Sri Lanka,LKA,Universal Economic Fitness Metric,EF.EFM.UNIV.XD,..,..,..,..,..,..,..,..,..,..
Sudan,SDN,Economic Fitness Metric,EF.EFM.PROD.XD,0,5.5346E-229,6.8637E-19,2.446E-155,2.7791E-17,1.6386E-09,9.2036E-07,2.5535E-07,3.9815E-05,8.4767E-29
Sudan,SDN,Universal Economic Fitness Metric,EF.EFM.UNIV.XD,0.019593,0.020819,0.018213,0.022431,0.0237,0.032939,0.033752,0.04487,0.02354,..
Suriname,SUR,Economic Fitness Metric,EF.EFM.PROD.XD,0,4.079E-17,0.00037657,0.001403,0.0010508,0.0022639,0.0014575,0.00085018,0.0033732,0.0021833
Suriname,SUR,Universal Economic Fitness Metric,EF.EFM.UNIV.XD,0.0041559,0.0046659,0.010704,0.011091,0.011207,0.010275,0.0075028,0.0037346,0.0054685,..
Sweden,SWE,Economic Fitness Metric,EF.EFM.PROD.XD,3.4094,3.4768,3.2719,3.2891,3.2594,3.1309,3.063,3.0567,2.9284,2.8933
Sweden,SWE,Universal Economic Fitness Metric,EF.EFM.UNIV.XD,1.6618,1.538,1.5174,1.5148,1.4007,1.4881,1.4001,1.3337,1.3545,..
Switzerland,CHE,Economic Fitness Metric,EF.EFM.PROD.XD,4.5091,4.2568,4.234,4.2435,3.8449,3.4452,3.3883,3.171,3.2186,3.1838
Switzerland,CHE,Universal Economic Fitness Metric,EF.EFM.UNIV.XD,2.9813,3.0823,2.9945,3.2258,3.1339,3.1838,3.2301,3.0108,3.0599,..
Syrian Arab Republic,SYR,Economic Fitness Metric,EF.EFM.PROD.XD,0.43858,0.46912,0.47246,0.44613,0.47476,0.45046,0.32443,0.25928,0.17853,0.031678
Syrian Arab Republic,SYR,Universal Economic Fitness Metric,EF.EFM.UNIV.XD,0.12755,0.11713,0.10344,..,..,..,..,..,..,..
Tajikistan,TJK,Economic Fitness Metric,EF.EFM.PROD.XD,0.016252,0.015955,0.020409,0.022455,0.02131,0.023172,0.022545,0.019019,0.019325,0.017451
Tajikistan,TJK,Universal Economic Fitness Metric,EF.EFM.UNIV.XD,0.0039286,0.004599,0.0061396,0.0056296,0.0054307,0.0042906,0.0035417,0.0038684,0.0035812,..
Tanzania,TZA,Economic Fitness Metric,EF.EFM.PROD.XD,0.071111,0.10372,0.11166,0.091938,0.085487,0.091696,0.067371,0.057959,0.055735,0.054485
Tanzania,TZA,Universal Economic Fitness Metric,EF.EFM.UNIV.XD,0.029521,0.032635,0.034728,0.033623,0.043678,0.036921,0.056754,0.065664,0.047855,..
Thailand,THA,Economic Fitness Metric,EF.EFM.PROD.XD,2.5552,2.6246,2.5982,2.6253,2.5855,2.6539,2.6387,2.6863,2.6281,2.2916
Thailand,THA,Universal Economic Fitness Metric,EF.EFM.UNIV.XD,1.383,1.4548,1.503,1.5934,1.5076,1.4912,1.5035,1.5875,1.58,..
Togo,TGO,Economic Fitness Metric,EF.EFM.PROD.XD,0.047445,0.067235,0.066723,0.082772,0.095914,0.11412,0.10999,0.10149,0.11619,0.093333
Togo,TGO,Universal Economic Fitness Metric,EF.EFM.UNIV.XD,0.016281,0.025293,0.023403,0.022982,0.026581,0.021224,0.019953,0.02127,0.014626,..
Tunisia,TUN,Economic Fitness Metric,EF.EFM.PROD.XD,0.66754,0.72826,0.81593,0.84004,0.84122,0.80719,0.8649,0.89169,0.95602,0.92526
Tunisia,TUN,Universal Economic Fitness Metric,EF.EFM.UNIV.XD,0.12904,0.1306,0.12997,0.12192,0.12147,0.11569,0.11552,0.10981,0.10938,..
Turkey,TUR,Economic Fitness Metric,EF.EFM.PROD.XD,2.4677,2.5735,2.6139,2.7237,2.6789,2.8116,2.8829,2.8445,2.8065,2.8548
Turkey,TUR,Universal Economic Fitness Metric,EF.EFM.UNIV.XD,1.1015,1.0648,1.0591,1.0925,1.1928,1.2525,1.3181,1.3493,1.3649,..
Turkmenistan,TKM,Economic Fitness Metric,EF.EFM.PROD.XD,0.0025816,0.0015133,0.0044219,0.0014498,2.8493E-16,5.9918E-11,5.2079E-21,1.516E-07,1.4773E-07,1.6939E-28
Turkmenistan,TKM,Universal Economic Fitness Metric,EF.EFM.UNIV.XD,..,..,..,..,..,..,..,..,..,..
Uganda,UGA,Economic Fitness Metric,EF.EFM.PROD.XD,0.050096,0.0869,0.10269,0.095429,0.10022,0.10732,0.10166,0.09995,0.10437,0.14409
Uganda,UGA,Universal Economic Fitness Metric,EF.EFM.UNIV.XD,0.018073,0.021866,0.021742,0.026344,0.029013,0.029118,0.026726,0.025897,0.026239,..
Ukraine,UKR,Economic Fitness Metric,EF.EFM.PROD.XD,1.217,1.1463,1.086,1.09,1.1043,1.0898,1.0173,0.91814,0.88345,0.88279
Ukraine,UKR,Universal Economic Fitness Metric,EF.EFM.UNIV.XD,0.59466,0.49384,0.57814,0.64686,0.75472,0.65522,0.51349,0.38562,0.35347,..
United Arab Emirates,ARE,Economic Fitness Metric,EF.EFM.PROD.XD,0.14744,0.18422,0.2205,0.26662,0.54711,0.71121,0.68191,0.58716,0.60219,0.76613
United Arab Emirates,ARE,Universal Economic Fitness Metric,EF.EFM.UNIV.XD,..,..,..,..,..,..,..,..,..,..
United Kingdom,GBR,Economic Fitness Metric,EF.EFM.PROD.XD,6.1664,5.5899,5.5016,5.4704,5.5412,5.4085,5.2497,5.1053,5.0375,5.1188
United Kingdom,GBR,Universal Economic Fitness Metric,EF.EFM.UNIV.XD,7.7641,7.538,7.3048,6.9113,6.5269,6.4136,6.4781,6.5882,6.2169,..
United States,USA,Economic Fitness Metric,EF.EFM.PROD.XD,8.6535,8.6066,8.3007,8.2899,8.1447,8.0828,9.152,9.4918,10.713,10.886
United States,USA,Universal Economic Fitness Metric,EF.EFM.UNIV.XD,16.385,17.084,17.656,16.858,17.209,16.846,17.073,17.727,17.282,..
Uruguay,URY,Economic Fitness Metric,EF.EFM.PROD.XD,0.42825,0.39256,0.34642,0.30049,0.2478,0.25649,0.26164,0.24633,0.23903,0.18403
Uruguay,URY,Universal Economic Fitness Metric,EF.EFM.UNIV.XD,0.11532,0.11686,0.12101,0.1245,0.14157,0.13283,0.13358,0.12771,0.1219,..
Uzbekistan,UZB,Economic Fitness Metric,EF.EFM.PROD.XD,0.092342,0.10872,0.11816,0.10735,0.11669,0.1151,0.13385,0.13836,0.1481,0.13147
Uzbekistan,UZB,Universal Economic Fitness Metric,EF.EFM.UNIV.XD,..,..,..,..,..,..,..,..,..,..
"Venezuela, RB",VEN,Economic Fitness Metric,EF.EFM.PROD.XD,0.012923,0.010756,0.0025781,0.0012978,0.00090556,0.00086419,0.00067147,0.00027235,0.0019416,9.3271E-05
"Venezuela, RB",VEN,Universal Economic Fitness Metric,EF.EFM.UNIV.XD,0.052831,0.042738,0.036626,0.033112,0.032852,0.029275,0.029207,0.026215,0.021868,..
Vietnam,VNM,Economic Fitness Metric,EF.EFM.PROD.XD,1.0911,1.2984,1.4691,1.542,1.5943,1.5544,1.5491,1.4379,1.2025,1.3045
Vietnam,VNM,Universal Economic Fitness Metric,EF.EFM.UNIV.XD,..,..,..,..,..,..,..,..,..,..
"Yemen, Rep.",YEM,Economic Fitness Metric,EF.EFM.PROD.XD,0,0.0082439,0.0092842,0.01004,0.010109,0.014073,0.019422,0.011375,3.4808E-05,7.2711E-40
"Yemen, Rep.",YEM,Universal Economic Fitness Metric,EF.EFM.UNIV.XD,0.0059593,0.012741,0.011994,0.013791,0.011681,0.012123,0.01202,0.0066304,0.003343,..
Zambia,ZMB,Economic Fitness Metric,EF.EFM.PROD.XD,0.034865,0.037149,0.041939,0.048179,0.056118,0.053239,0.059047,0.048305,0.036409,0.048819
Zambia,ZMB,Universal Economic Fitness Metric,EF.EFM.UNIV.XD,0.029674,0.032672,0.036904,0.046452,0.056703,0.054561,0.043947,0.048305,0.019003,..
Zimbabwe,ZWE,Economic Fitness Metric,EF.EFM.PROD.XD,0.090876,0.073122,0.092278,0.079343,0.069226,0.075622,0.07328,0.056735,0.049234,0.03525
Zimbabwe,ZWE,Universal Economic Fitness Metric,EF.EFM.UNIV.XD,..,0.030014,0.023571,0.029741,0.028448,0.024998,0.023643,0.022482,0.020174,..
,,,,,,,,,,,,,
,,,,,,,,,,,,,
,,,,,,,,,,,,,
Data from database: Economic Fitness 2,,,,,,,,,,,,,
Last Updated: 04/26/2019,,,,,,,,,,,,,
